,login,id,node_id,avatar_url,gravatar_id,url,html_url,followers_url,following_url,gists_url,starred_url,subscriptions_url,organizations_url,repos_url,events_url,received_events_url,type,site_admin,starred_at,user
0,dendisuhubdy,4477337,MDQ6VXNlcjQ0NzczMzc=,https://avatars.githubusercontent.com/u/4477337?v=4,,https://api.github.com/users/dendisuhubdy,https://github.com/dendisuhubdy,https://api.github.com/users/dendisuhubdy/followers,https://api.github.com/users/dendisuhubdy/following{/other_user},https://api.github.com/users/dendisuhubdy/gists{/gist_id},https://api.github.com/users/dendisuhubdy/starred{/owner}{/repo},https://api.github.com/users/dendisuhubdy/subscriptions,https://api.github.com/users/dendisuhubdy/orgs,https://api.github.com/users/dendisuhubdy/repos,https://api.github.com/users/dendisuhubdy/events{/privacy},https://api.github.com/users/dendisuhubdy/received_events,User,False,2019-08-14T20:21:30Z,"{'login': 'dendisuhubdy', 'id': 4477337, 'node_id': 'MDQ6VXNlcjQ0NzczMzc=', 'avatar_url': 'https://avatars.githubusercontent.com/u/4477337?v=4', 'gravatar_id': '', 'url': 'https://api.github.com/users/dendisuhubdy', 'html_url': 'https://github.com/dendisuhubdy', 'followers_url': 'https://api.github.com/users/dendisuhubdy/followers', 'following_url': 'https://api.github.com/users/dendisuhubdy/following{/other_user}', 'gists_url': 'https://api.github.com/users/dendisuhubdy/gists{/gist_id}', 'starred_url': 'https://api.github.com/users/dendisuhubdy/starred{/owner}{/repo}', 'subscriptions_url': 'https://api.github.com/users/dendisuhubdy/subscriptions', 'organizations_url': 'https://api.github.com/users/dendisuhubdy/orgs', 'repos_url': 'https://api.github.com/users/dendisuhubdy/repos', 'events_url': 'https://api.github.com/users/dendisuhubdy/events{/privacy}', 'received_events_url': 'https://api.github.com/users/dendisuhubdy/received_events', 'type': 'User', 'site_admin': False}"
1,GitHub30,12811398,MDQ6VXNlcjEyODExMzk4,https://avatars.githubusercontent.com/u/12811398?v=4,,https://api.github.com/users/GitHub30,https://github.com/GitHub30,https://api.github.com/users/GitHub30/followers,https://api.github.com/users/GitHub30/following{/other_user},https://api.github.com/users/GitHub30/gists{/gist_id},https://api.github.com/users/GitHub30/starred{/owner}{/repo},https://api.github.com/users/GitHub30/subscriptions,https://api.github.com/users/GitHub30/orgs,https://api.github.com/users/GitHub30/repos,https://api.github.com/users/GitHub30/events{/privacy},https://api.github.com/users/GitHub30/received_events,User,False,2019-08-14T20:30:33Z,"{'login': 'GitHub30', 'id': 12811398, 'node_id': 'MDQ6VXNlcjEyODExMzk4', 'avatar_url': 'https://avatars.githubusercontent.com/u/12811398?v=4', 'gravatar_id': '', 'url': 'https://api.github.com/users/GitHub30', 'html_url': 'https://github.com/GitHub30', 'followers_url': 'https://api.github.com/users/GitHub30/followers', 'following_url': 'https://api.github.com/users/GitHub30/following{/other_user}', 'gists_url': 'https://api.github.com/users/GitHub30/gists{/gist_id}', 'starred_url': 'https://api.github.com/users/GitHub30/starred{/owner}{/repo}', 'subscriptions_url': 'https://api.github.com/users/GitHub30/subscriptions', 'organizations_url': 'https://api.github.com/users/GitHub30/orgs', 'repos_url': 'https://api.github.com/users/GitHub30/repos', 'events_url': 'https://api.github.com/users/GitHub30/events{/privacy}', 'received_events_url': 'https://api.github.com/users/GitHub30/received_events', 'type': 'User', 'site_admin': False}"
2,tczhangzhi,14837418,MDQ6VXNlcjE0ODM3NDE4,https://avatars.githubusercontent.com/u/14837418?v=4,,https://api.github.com/users/tczhangzhi,https://github.com/tczhangzhi,https://api.github.com/users/tczhangzhi/followers,https://api.github.com/users/tczhangzhi/following{/other_user},https://api.github.com/users/tczhangzhi/gists{/gist_id},https://api.github.com/users/tczhangzhi/starred{/owner}{/repo},https://api.github.com/users/tczhangzhi/subscriptions,https://api.github.com/users/tczhangzhi/orgs,https://api.github.com/users/tczhangzhi/repos,https://api.github.com/users/tczhangzhi/events{/privacy},https://api.github.com/users/tczhangzhi/received_events,User,False,2019-08-15T01:49:02Z,"{'login': 'tczhangzhi', 'id': 14837418, 'node_id': 'MDQ6VXNlcjE0ODM3NDE4', 'avatar_url': 'https://avatars.githubusercontent.com/u/14837418?v=4', 'gravatar_id': '', 'url': 'https://api.github.com/users/tczhangzhi', 'html_url': 'https://github.com/tczhangzhi', 'followers_url': 'https://api.github.com/users/tczhangzhi/followers', 'following_url': 'https://api.github.com/users/tczhangzhi/following{/other_user}', 'gists_url': 'https://api.github.com/users/tczhangzhi/gists{/gist_id}', 'starred_url': 'https://api.github.com/users/tczhangzhi/starred{/owner}{/repo}', 'subscriptions_url': 'https://api.github.com/users/tczhangzhi/subscriptions', 'organizations_url': 'https://api.github.com/users/tczhangzhi/orgs', 'repos_url': 'https://api.github.com/users/tczhangzhi/repos', 'events_url': 'https://api.github.com/users/tczhangzhi/events{/privacy}', 'received_events_url': 'https://api.github.com/users/tczhangzhi/received_events', 'type': 'User', 'site_admin': False}"
3,Abiey2579,53899426,MDQ6VXNlcjUzODk5NDI2,https://avatars.githubusercontent.com/u/53899426?v=4,,https://api.github.com/users/Abiey2579,https://github.com/Abiey2579,https://api.github.com/users/Abiey2579/followers,https://api.github.com/users/Abiey2579/following{/other_user},https://api.github.com/users/Abiey2579/gists{/gist_id},https://api.github.com/users/Abiey2579/starred{/owner}{/repo},https://api.github.com/users/Abiey2579/subscriptions,https://api.github.com/users/Abiey2579/orgs,https://api.github.com/users/Abiey2579/repos,https://api.github.com/users/Abiey2579/events{/privacy},https://api.github.com/users/Abiey2579/received_events,User,False,2019-08-15T13:06:45Z,"{'login': 'Abiey2579', 'id': 53899426, 'node_id': 'MDQ6VXNlcjUzODk5NDI2', 'avatar_url': 'https://avatars.githubusercontent.com/u/53899426?v=4', 'gravatar_id': '', 'url': 'https://api.github.com/users/Abiey2579', 'html_url': 'https://github.com/Abiey2579', 'followers_url': 'https://api.github.com/users/Abiey2579/followers', 'following_url': 'https://api.github.com/users/Abiey2579/following{/other_user}', 'gists_url': 'https://api.github.com/users/Abiey2579/gists{/gist_id}', 'starred_url': 'https://api.github.com/users/Abiey2579/starred{/owner}{/repo}', 'subscriptions_url': 'https://api.github.com/users/Abiey2579/subscriptions', 'organizations_url': 'https://api.github.com/users/Abiey2579/orgs', 'repos_url': 'https://api.github.com/users/Abiey2579/repos', 'events_url': 'https://api.github.com/users/Abiey2579/events{/privacy}', 'received_events_url': 'https://api.github.com/users/Abiey2579/received_events', 'type': 'User', 'site_admin': False}"
4,vincentqb,3047868,MDQ6VXNlcjMwNDc4Njg=,https://avatars.githubusercontent.com/u/3047868?v=4,,https://api.github.com/users/vincentqb,https://github.com/vincentqb,https://api.github.com/users/vincentqb/followers,https://api.github.com/users/vincentqb/following{/other_user},https://api.github.com/users/vincentqb/gists{/gist_id},https://api.github.com/users/vincentqb/starred{/owner}{/repo},https://api.github.com/users/vincentqb/subscriptions,https://api.github.com/users/vincentqb/orgs,https://api.github.com/users/vincentqb/repos,https://api.github.com/users/vincentqb/events{/privacy},https://api.github.com/users/vincentqb/received_events,User,False,2019-08-20T15:22:03Z,"{'login': 'vincentqb', 'id': 3047868, 'node_id': 'MDQ6VXNlcjMwNDc4Njg=', 'avatar_url': 'https://avatars.githubusercontent.com/u/3047868?v=4', 'gravatar_id': '', 'url': 'https://api.github.com/users/vincentqb', 'html_url': 'https://github.com/vincentqb', 'followers_url': 'https://api.github.com/users/vincentqb/followers', 'following_url': 'https://api.github.com/users/vincentqb/following{/other_user}', 'gists_url': 'https://api.github.com/users/vincentqb/gists{/gist_id}', 'starred_url': 'https://api.github.com/users/vincentqb/starred{/owner}{/repo}', 'subscriptions_url': 'https://api.github.com/users/vincentqb/subscriptions', 'organizations_url': 'https://api.github.com/users/vincentqb/orgs', 'repos_url': 'https://api.github.com/users/vincentqb/repos', 'events_url': 'https://api.github.com/users/vincentqb/events{/privacy}', 'received_events_url': 'https://api.github.com/users/vincentqb/received_events', 'type': 'User', 'site_admin': False}"
5,Kenneway,11846206,MDQ6VXNlcjExODQ2MjA2,https://avatars.githubusercontent.com/u/11846206?v=4,,https://api.github.com/users/Kenneway,https://github.com/Kenneway,https://api.github.com/users/Kenneway/followers,https://api.github.com/users/Kenneway/following{/other_user},https://api.github.com/users/Kenneway/gists{/gist_id},https://api.github.com/users/Kenneway/starred{/owner}{/repo},https://api.github.com/users/Kenneway/subscriptions,https://api.github.com/users/Kenneway/orgs,https://api.github.com/users/Kenneway/repos,https://api.github.com/users/Kenneway/events{/privacy},https://api.github.com/users/Kenneway/received_events,User,False,2019-12-24T04:54:21Z,"{'login': 'Kenneway', 'id': 11846206, 'node_id': 'MDQ6VXNlcjExODQ2MjA2', 'avatar_url': 'https://avatars.githubusercontent.com/u/11846206?v=4', 'gravatar_id': '', 'url': 'https://api.github.com/users/Kenneway', 'html_url': 'https://github.com/Kenneway', 'followers_url': 'https://api.github.com/users/Kenneway/followers', 'following_url': 'https://api.github.com/users/Kenneway/following{/other_user}', 'gists_url': 'https://api.github.com/users/Kenneway/gists{/gist_id}', 'starred_url': 'https://api.github.com/users/Kenneway/starred{/owner}{/repo}', 'subscriptions_url': 'https://api.github.com/users/Kenneway/subscriptions', 'organizations_url': 'https://api.github.com/users/Kenneway/orgs', 'repos_url': 'https://api.github.com/users/Kenneway/repos', 'events_url': 'https://api.github.com/users/Kenneway/events{/privacy}', 'received_events_url': 'https://api.github.com/users/Kenneway/received_events', 'type': 'User', 'site_admin': False}"
6,loganpowell,3408191,MDQ6VXNlcjM0MDgxOTE=,https://avatars.githubusercontent.com/u/3408191?v=4,,https://api.github.com/users/loganpowell,https://github.com/loganpowell,https://api.github.com/users/loganpowell/followers,https://api.github.com/users/loganpowell/following{/other_user},https://api.github.com/users/loganpowell/gists{/gist_id},https://api.github.com/users/loganpowell/starred{/owner}{/repo},https://api.github.com/users/loganpowell/subscriptions,https://api.github.com/users/loganpowell/orgs,https://api.github.com/users/loganpowell/repos,https://api.github.com/users/loganpowell/events{/privacy},https://api.github.com/users/loganpowell/received_events,User,False,2020-02-20T18:06:06Z,"{'login': 'loganpowell', 'id': 3408191, 'node_id': 'MDQ6VXNlcjM0MDgxOTE=', 'avatar_url': 'https://avatars.githubusercontent.com/u/3408191?v=4', 'gravatar_id': '', 'url': 'https://api.github.com/users/loganpowell', 'html_url': 'https://github.com/loganpowell', 'followers_url': 'https://api.github.com/users/loganpowell/followers', 'following_url': 'https://api.github.com/users/loganpowell/following{/other_user}', 'gists_url': 'https://api.github.com/users/loganpowell/gists{/gist_id}', 'starred_url': 'https://api.github.com/users/loganpowell/starred{/owner}{/repo}', 'subscriptions_url': 'https://api.github.com/users/loganpowell/subscriptions', 'organizations_url': 'https://api.github.com/users/loganpowell/orgs', 'repos_url': 'https://api.github.com/users/loganpowell/repos', 'events_url': 'https://api.github.com/users/loganpowell/events{/privacy}', 'received_events_url': 'https://api.github.com/users/loganpowell/received_events', 'type': 'User', 'site_admin': False}"
7,Lmy0217,16065878,MDQ6VXNlcjE2MDY1ODc4,https://avatars.githubusercontent.com/u/16065878?v=4,,https://api.github.com/users/Lmy0217,https://github.com/Lmy0217,https://api.github.com/users/Lmy0217/followers,https://api.github.com/users/Lmy0217/following{/other_user},https://api.github.com/users/Lmy0217/gists{/gist_id},https://api.github.com/users/Lmy0217/starred{/owner}{/repo},https://api.github.com/users/Lmy0217/subscriptions,https://api.github.com/users/Lmy0217/orgs,https://api.github.com/users/Lmy0217/repos,https://api.github.com/users/Lmy0217/events{/privacy},https://api.github.com/users/Lmy0217/received_events,User,False,2021-06-19T04:05:41Z,"{'login': 'Lmy0217', 'id': 16065878, 'node_id': 'MDQ6VXNlcjE2MDY1ODc4', 'avatar_url': 'https://avatars.githubusercontent.com/u/16065878?v=4', 'gravatar_id': '', 'url': 'https://api.github.com/users/Lmy0217', 'html_url': 'https://github.com/Lmy0217', 'followers_url': 'https://api.github.com/users/Lmy0217/followers', 'following_url': 'https://api.github.com/users/Lmy0217/following{/other_user}', 'gists_url': 'https://api.github.com/users/Lmy0217/gists{/gist_id}', 'starred_url': 'https://api.github.com/users/Lmy0217/starred{/owner}{/repo}', 'subscriptions_url': 'https://api.github.com/users/Lmy0217/subscriptions', 'organizations_url': 'https://api.github.com/users/Lmy0217/orgs', 'repos_url': 'https://api.github.com/users/Lmy0217/repos', 'events_url': 'https://api.github.com/users/Lmy0217/events{/privacy}', 'received_events_url': 'https://api.github.com/users/Lmy0217/received_events', 'type': 'User', 'site_admin': False}"
8,akihironitta,20610905,MDQ6VXNlcjIwNjEwOTA1,https://avatars.githubusercontent.com/u/20610905?v=4,,https://api.github.com/users/akihironitta,https://github.com/akihironitta,https://api.github.com/users/akihironitta/followers,https://api.github.com/users/akihironitta/following{/other_user},https://api.github.com/users/akihironitta/gists{/gist_id},https://api.github.com/users/akihironitta/starred{/owner}{/repo},https://api.github.com/users/akihironitta/subscriptions,https://api.github.com/users/akihironitta/orgs,https://api.github.com/users/akihironitta/repos,https://api.github.com/users/akihironitta/events{/privacy},https://api.github.com/users/akihironitta/received_events,User,False,2021-08-09T08:12:28Z,"{'login': 'akihironitta', 'id': 20610905, 'node_id': 'MDQ6VXNlcjIwNjEwOTA1', 'avatar_url': 'https://avatars.githubusercontent.com/u/20610905?v=4', 'gravatar_id': '', 'url': 'https://api.github.com/users/akihironitta', 'html_url': 'https://github.com/akihironitta', 'followers_url': 'https://api.github.com/users/akihironitta/followers', 'following_url': 'https://api.github.com/users/akihironitta/following{/other_user}', 'gists_url': 'https://api.github.com/users/akihironitta/gists{/gist_id}', 'starred_url': 'https://api.github.com/users/akihironitta/starred{/owner}{/repo}', 'subscriptions_url': 'https://api.github.com/users/akihironitta/subscriptions', 'organizations_url': 'https://api.github.com/users/akihironitta/orgs', 'repos_url': 'https://api.github.com/users/akihironitta/repos', 'events_url': 'https://api.github.com/users/akihironitta/events{/privacy}', 'received_events_url': 'https://api.github.com/users/akihironitta/received_events', 'type': 'User', 'site_admin': False}"
9,zengk95,34172846,MDQ6VXNlcjM0MTcyODQ2,https://avatars.githubusercontent.com/u/34172846?v=4,,https://api.github.com/users/zengk95,https://github.com/zengk95,https://api.github.com/users/zengk95/followers,https://api.github.com/users/zengk95/following{/other_user},https://api.github.com/users/zengk95/gists{/gist_id},https://api.github.com/users/zengk95/starred{/owner}{/repo},https://api.github.com/users/zengk95/subscriptions,https://api.github.com/users/zengk95/orgs,https://api.github.com/users/zengk95/repos,https://api.github.com/users/zengk95/events{/privacy},https://api.github.com/users/zengk95/received_events,User,False,2021-12-20T22:33:25Z,"{'login': 'zengk95', 'id': 34172846, 'node_id': 'MDQ6VXNlcjM0MTcyODQ2', 'avatar_url': 'https://avatars.githubusercontent.com/u/34172846?v=4', 'gravatar_id': '', 'url': 'https://api.github.com/users/zengk95', 'html_url': 'https://github.com/zengk95', 'followers_url': 'https://api.github.com/users/zengk95/followers', 'following_url': 'https://api.github.com/users/zengk95/following{/other_user}', 'gists_url': 'https://api.github.com/users/zengk95/gists{/gist_id}', 'starred_url': 'https://api.github.com/users/zengk95/starred{/owner}{/repo}', 'subscriptions_url': 'https://api.github.com/users/zengk95/subscriptions', 'organizations_url': 'https://api.github.com/users/zengk95/orgs', 'repos_url': 'https://api.github.com/users/zengk95/repos', 'events_url': 'https://api.github.com/users/zengk95/events{/privacy}', 'received_events_url': 'https://api.github.com/users/zengk95/received_events', 'type': 'User', 'site_admin': False}"
